text,size
云蒙山,21
路段,20
万柳公园,21
大观园,21
九道湾,21
数字,21
京城,22
儿童,20
风景区,29
蝴蝶,20
长城,21
峡谷,20
门头沟,20
云蒙峡,22
春风,20
酒吧,20
游记,20
潭柘寺,20
万科,20
万寿,21
桃园,21
上宅,20
万泉,21
关键,20
蜡烛,20
旅游者,20
中国,22
大峡谷,22
腾冲热海,20
图片,20
西山,20
中华民族,21
京都,21
慕田峪,20
万芳亭,21
兴寿镇,20
八达岭,20
九谷口,20
河西大街,21
溪翁庄,21
东坝,21
北京站,20
溶洞,21
金海湖,20
广场,20
庄园,20
阳台山,20
风格,20
三里屯,21
杭州,20
潭柘,20
朋友们,20
照片,20
大自然,20
东四,21
秦娥,20
公社,21
单人,20
瀑布,20
世界,21
主题,20
北京市,20
万柳,20
京东大峡谷,20
单价,20
蘑菇,21
姻缘,20
云蒙三峪,21
广济,20
云峰山,21
西城阜成门内大街,20
丰台,22
人工湖,20
游客,20
平谷,20
京浪岛,21
竹筏,20
基地,22
白河,21
广州,20
万科公园,21
九龙十八潭,21
公园,42
黑龙潭,20
三羊古,20
万春园,21
中华,23
东营,21
水库,22
前章村,20
花卉,20
东湖港,21
终点站,20
桃源仙谷,21
门头沟区,20
园林,20
京西,21
中山公园,20
清凉谷,21
大觉寺,20
松树,20
天下第一,20
公馆,20
度假村,21
水质,20
上庄镇,20
特色,20
苏州,20
司马台,20
东交民巷,22
云居寺,21
东升,22
东单,22
博物馆,20
足球,20
森林,25
游多多,20
远洋,20
沙滩,20
大坝,20
龙潭涧,21
昌平区,20
不老湖,20
县城,20
乡村,21
工薪阶层,20
云水洞,21
京西草原,20
白族,20
陈列馆,21
人民,20
车程,21
景区,24
猕猴,20
文化园,21
五道口,20
七王坟,21
乌龙峡谷,21
区域,20
时间,20
石膏,20
电子,20
梦石城,21
梨园,21
天主堂,20
丽都公园,20
花园,20
彩色,20
仙境,22
路口,20
豆腐,20
市区,20
奥林匹克,21
定湖,21
酒店,20
上方山,21
五道营胡同,21
好朋友,21
自然保护区,20
套餐,20
东风,21
草鱼,20
美景,20
滑雪场,21
京东,20
沈阳,20
空气,20
奇观,20
丫髻山,21
报馆,21
植物园,22
于谦,21
成像,20
山区,20
鲤鱼,20
白龙潭,20
大会堂,21
花果山,21
走廊,20
密云,23
云佛山,21
少年,20
普陀,20
怀北,20
京西十八潭,21
香菇,20
草原,21
平谷京东大峡谷,20
郑州,20
平谷京,20
经济,20
内燃机车,20
海淀区,20
生态,21
五道营,20
电视塔,21
精灵,20
铁路,21
金山岭,20
中医药,21
苹果园,20
田村,20
乐园,20
万德,21
云阳,21
九眼楼,20
景点,20
西门,20
济南,21
地坛,20
天下,20
旧址,20
亚亚,20
子弹,20
不得了,20
赛马场,21
云岗,21
音乐节,20
蒙山,20
五棵松,21
玉泉路,20
火山,20
中山,21
顺义,20
教堂,21
大会,21
万里长城,20
万泉公园,21
万丰,20
草莓,21
平谷京东石林峡,20
科技,20
苇甸,21
文化,22
香山,20
遗址,21
丽都,21
地方,20
胡同,20
中央,20
博文,20
石林峡,21
门票,20
腾冲,20
自然,23
世纪,21
万丰公园,20
丁丁,21
上地公园,21
岔河,20
云岫谷,21
湖水,20
社区,20
怀柔,21
国家,21
亢山,21
北京,32
上庄,22
小朋友,21
钻天杨,21
密云县,20
纪念馆,21
七彩,21
